id,name/first,age,street,city,zip,dollar
1,Jonathan,50,Kagrer Court,Besujekaf,11254,$5701.57
2,Lucy,59,Rirog Grove,Esigavake,88472,$2868.91
3,Manuel,63,Naor Heights,Toziltac,48472,$2356.21
4,Ronnie,18,Bapmos Pass,Haroncuw,81370,$3113.75
5,Justin,38,Boda Court,Mifrunuf,22087,$3496.70
6,Michael,63,Behpif Road,Itukirba,85001,$4513.09
7,Georgie,43,Neeh Center,Jicrosu,63225,$5889.09
8,Jerome,56,Affe Pike,Igepehbef,83758,$9141.29
9,Adeline,63,Folun Boulevard,Conizojip,57458,$2299.99
10,Abbie,58,Owuapo Pass,Kucijgut,38320,$1100.78
11,Belle,23,Sucda Square,Gibiaga,40540,$4292.52
12,Anthony,63,Gibe Pass,Fibami,36439,$1454.55
13,Christina,40,Ebulak Parkway,Jigreko,60024,$7274.95
14,Evan,22,Dezfak Street,Vucjoge,64648,$2858.79
15,Augusta,53,Penoc Street,Oporvu,80985,$7833.17
16,Alfred,60,Lakro River,Gonirego,59019,$7848.56
17,Christopher,32,Peunu Lane,Abebebo,44716,$7553.22
18,Julian,40,Leda River,Zavcoruh,16567,$9084.44
19,Lura,28,Ceaki Street,Tohsobzo,87351,$6534.36
20,Darrell,35,Jaaba Circle,Defeur,95078,$771.18
21,Isabella,25,Rasu Point,Jebunar,67043,$6934.66
22,Cecelia,33,Cuduf Court,Hecsondej,38633,$2671.49
23,Lola,25,Paom Glen,Mozgocec,80797,$3191.09
24,Jason,29,Osze Boulevard,Nuhzoski,98227,$8254.01
25,Augusta,39,Ebeta Drive,Rambude,59276,$5415.19
26,Loretta,18,Biep Turnpike,Mouguje,53762,$3384.42
27,Kyle,42,Cuzi Heights,Pozholok,56290,$14.27
28,Tyler,43,Zoja Grove,Fazlowa,98871,$1335.34
29,Bess,21,Tiwvub Court,Dekzoeri,2422,$5794.69
30,Georgia,50,Wafe Court,Howewnes,17388,$9709.33
31,Belle,38,Imisi Ridge,Valdivis,72254,$2926.18
32,Keith,22,Efros Trail,Giluwe,62513,$633.42
33,Maurice,38,Uriwi Way,Hojume,52119,$761.80
34,Iva,44,Fakew Manor,Nonsefda,38695,$6913.61
35,Bill,47,Osfev River,Omehwu,26766,$9224.95
36,Jacob,34,Lotpu Path,Bebradhiw,37543,$518.12
37,Lily,45,Tifup Pike,Bucawuv,83161,$7224.01
38,Zachary,65,Owza Key,Lovmamuh,45285,$4178.36
39,Keith,58,Vilah Pike,Suvueve,44445,$1941.67
40,Kevin,34,Mihsaj Path,Kanalil,17677,$8644.78
41,Nannie,56,Ifpi Ridge,Hiwkolwid,84200,$7595.74
42,Hallie,28,Nekdu Pike,Caketcuc,18534,$9342.29
43,Glenn,34,Calcu Turnpike,Cawbusi,5982,$480.06
44,Johnny,51,Sepjad Mill,Obafulpi,53739,$9563.57
45,Abbie,44,Zecor Key,Fubcoje,86103,$6165.28
46,Brett,57,Sejde Road,Ithomdah,18733,$9636.34
47,Amanda,59,Bais Center,Hesgegce,89076,$3079.30
48,Leonard,53,Vada Lane,Buebram,68004,$3255.19
49,Viola,34,Oszac Mill,Fugwesiw,49926,$7767.69
50,Lizzie,52,Jisim Drive,Gafmigke,38783,$4193.04
51,Antonio,33,Meop Ridge,Dopado,51026,$5250.10
52,Eula,28,Mutwa Ridge,Sohwabi,56850,$1468.67
53,Sophia,61,Fevic Key,Jebfuhe,39167,$9644.86
54,Rosie,61,Kiebo Key,Jawcemlo,53523,$5044.99
55,Clarence,20,Rapop View,Mupcumic,10462,$3672.88
56,Gavin,22,Kifi Terrace,Sofibe,43645,$4697.41
57,Julian,42,Kagzuv Place,Mogilin,58082,$4956.53
58,Clyde,40,Vudwil Terrace,Jihega,78943,$2275.29
59,Douglas,19,Fudara Court,Anfeljur,84046,$5170.82
60,Jeremiah,61,Ginpe Drive,Esocoazu,76015,$7324.01
61,Hunter,25,Gekaz Road,Fauluic,18316,$9588.94
62,Eula,49,Tehu Junction,Cuwate,69546,$5894.97
63,Sallie,55,Ciag Court,Cavolevuh,67520,$7458.29
64,Harriet,24,Codone Court,Cuczakof,32670,$1239.11
65,Christina,28,Ohesic Trail,Erolecu,82199,$9395.38
66,Mittie,43,Utoik Mill,Guwifsun,59338,$7138.98
67,Cynthia,36,Cimra Junction,Ujpejhe,97650,$947.28
68,Mason,31,Zibowa Boulevard,Codfobwa,62533,$8100.59
69,Mabel,22,Taot Pass,Obeopole,72759,$3639.25
70,Danny,45,Hicpu View,Cucreav,38277,$9373.28
71,Beatrice,57,Detno Heights,Himkatate,84025,$8164.44
72,Logan,48,Ozpa Lane,Polfeggon,1461,$3544.92
73,Hannah,46,Egnev Key,Zetjupu,19988,$5550.41
74,Earl,53,Ekka Grove,Moelutu,8071,$4050.28
75,Frank,33,Beja Court,Orejukeh,84887,$7601.72
76,Phillip,46,Lora Street,Bikekut,62509,$5449.74
77,Mae,64,Hunok Park,Zeahit,77854,$1941.36
78,Matthew,61,Zife River,Ruggepep,99359,$894.56
79,Lilly,42,Bomdu Pass,Mihibha,69578,$9849.55
80,Devin,52,Fonit Key,Gadumena,44489,$1200.35
81,Adele,31,Wigme River,Odrabim,43585,$6835.61
82,Caroline,55,Jolog Turnpike,Roldeka,15144,$782.88
83,Bess,21,Ufuidu Plaza,Asuluez,30855,$6948.38
84,Cody,32,Ciok Highway,Ecigoohi,21893,$8000.77
85,Lucas,36,Kovda Square,Kemozew,34892,$5684.68
86,Bill,52,Jihe Glen,Tuvgibo,6481,$7223.19
87,Jack,37,Sewoc Ridge,Awuijbeh,90865,$5839.31
88,Cordelia,29,Tiwu Pike,Manneid,69160,$7031.07
89,Danny,30,Nolom Street,Vapijcup,13041,$4514.48
90,Mary,21,Komic Glen,Zujwuop,86749,$3003.90
91,Polly,62,Heka Street,Icrodgi,41976,$9872.38
92,Etta,60,Kedu Turnpike,Biiriim,43811,$3353.45
93,Danny,35,Hugec Place,Wumlufa,10257,$6195.99
94,Hettie,30,Haba Drive,Mejokmej,73195,$864.84
95,Eva,57,Lome Way,Beveeb,92363,$2295.01
96,Anne,41,Fouze Point,Emuadnoh,20071,$3947.79
97,Daisy,18,Waopa Park,Ozuivomu,17147,$5869.62
98,Nannie,30,Urzu Point,Araokfa,4657,$1361.06
99,Eula,33,Tathi Street,Pacojuv,1366,$7549.89
100,Henrietta,44,Waplod Turnpike,Cibijgok,22941,$5463.28
101,Hilda,51,Gopana Pike,Mipgavem,17935,$5003.35
102,Douglas,24,Cegrom Place,Tigubsaf,19487,$9192.41
103,Isabel,20,Guhliw Loop,Pemwuvoto,2162,$6341.35
104,Emma,26,Cukra Turnpike,Cibfialo,60102,$626.89
105,Roxie,51,Okuwi Court,Pufmebu,51552,$3932.78
106,Lula,20,Mecce Manor,Tejrujto,4616,$1930.92
107,Landon,46,Birib Street,Orojalzuh,11714,$5662.64
108,Anne,40,Cakce Turnpike,Hufetiv,9660,$9478.23
109,Roger,64,Tuwi Ridge,Joulsif,10448,$5785.22
110,Dennis,47,Pemat Terrace,Vewethad,43530,$653.03
111,Lettie,62,Kiwzoj Loop,Sahkojut,95291,$7665.58
112,Frank,61,Lucho Key,Ofcohi,31542,$4784.52
113,Gabriel,62,Zuefi Grove,Goblaznal,80156,$1148.97
114,Madge,29,Revik View,Batofat,91007,$5716.98
115,Oscar,32,Ucuto Highway,Fuvofojo,69568,$521.20
116,Barry,37,Aczeg Mill,Makogow,83542,$8200.92
117,Willie,65,Tuohu Square,Ebohurnuw,50355,$4761.10
118,Hester,56,Dokeb Heights,Mogtoire,92892,$4188.80
119,Bradley,34,Cohruf Pass,Weipeti,59414,$1539.65
120,Philip,62,Sofri Highway,Giivipa,45993,$6608.80
121,Franklin,35,Piwzib Center,Codosuj,37734,$6311.27
122,Willie,32,Litu Plaza,Egibetzo,91943,$3474.97
123,Francisco,21,Giba Terrace,Daiwko,47772,$8361.23
124,Brian,60,Atvo Center,Evewidas,28169,$4087.77
125,Elnora,49,Ihzaz Turnpike,Sovfesef,18958,$8899.63
126,James,40,Jutab Ridge,Hevian,43348,$8356.12
127,Lettie,23,Ohrov Turnpike,Jebpouci,57590,$1070.97
128,Ian,56,Sonvo Grove,Loludik,90501,$4776.48
129,Cory,62,Gulbef Point,Tilave,73568,$4716.07
130,Connor,64,Gicaco Drive,Vofuniv,14803,$8836.33
131,Winifred,45,Guibi Road,Etnuwid,41339,$2348.18
132,Susie,56,Iditib Court,Haswutcer,76463,$299.35
133,Keith,59,Lopcit Street,Wugutnuv,2428,$7018.56
134,Mittie,55,Kocuj Trail,Kiimka,69227,$4449.27
135,Leo,45,Sihto Extension,Osciwhon,93735,$9710.70
136,Steve,24,Kannos Circle,Gajejukov,7640,$3763.59
137,Mabelle,37,Rogka Pass,Jicumosez,79449,$9116.87
138,Gregory,37,Sujril Plaza,Bopcesaju,14135,$4464.46
139,George,59,Nisil Street,Efavufu,13853,$710.63
140,Daisy,38,Burvi Street,Muaspe,33478,$6660.67
141,Abbie,51,Amici Grove,Losbemneb,67996,$3708.26
142,Louisa,44,Desibo Street,Bebudviw,27683,$2836.87
143,Alexander,60,Figwo Pass,Lutiaj,91146,$969.71
144,Nicholas,21,Zepu Terrace,Jegosweg,61681,$5002.39
145,Janie,31,Juag Point,Kocnetpun,98497,$5918.93
146,Ophelia,56,Wikowi Key,Riarged,34486,$7157.97
147,Margaret,25,Cujne Pass,Ucitunu,16202,$1653.42
148,Bradley,61,Tirles Way,Kafuheduc,51642,$3622.07
149,Bradley,25,Mecev Glen,Munobke,16604,$4868.60
150,John,44,Tuvgu Manor,Gejsefon,24994,$6527.71
151,Viola,25,Rupri Pike,Viwabupul,80489,$9879.58
152,Lelia,49,Hohu Junction,Bujrejij,21298,$1799.17
153,Theresa,44,Edjeg Circle,Ahwafogu,26533,$5397.33
154,Jacob,33,Behos Heights,Kecahuzu,18007,$1828.63
155,Mabelle,57,Libok Road,Iwepulnit,57915,$8973.49
156,Ola,26,Pamlo Heights,Pagdircan,68565,$2192.44
157,Vera,46,Beovi Junction,Hikrohveg,23970,$1034.01
158,Hettie,40,Lagot Manor,Cusiho,62050,$1734.18
159,Francis,32,Uzgu Terrace,Ompumtas,64377,$2715.07
160,Lelia,56,Wuhdo Drive,Buhugofo,63807,$3328.79
161,Lida,26,Esje Plaza,Lesewug,11067,$1237.40
162,Dustin,37,Avgeb Plaza,Wolruvve,13216,$4666.80
163,Birdie,21,Uvuho Circle,Reszetrit,78389,$6943.32
164,Nelle,45,Mokera Grove,Alamesewu,53719,$7806.56
165,Mable,20,Kacha Heights,Tezozeowa,72431,$4839.28
166,Hulda,54,Punlak Highway,Taboji,669,$1283.40
167,Bertie,28,Faro Key,Aziricus,19406,$6122.31
168,Ella,37,Lekhu Circle,Sekejir,73709,$1269.10
169,Elnora,37,Uzuke Pike,Memectep,41351,$3396.40
170,Elizabeth,21,Difab Plaza,Vuajaoj,50082,$9282.38
171,Billy,52,Pagu Parkway,Toacped,72045,$9162.20
172,Mason,19,Vohkud Point,Ivguci,77426,$3670.73
173,Samuel,18,Juah View,Senzuhser,54220,$8365.17
174,Juan,64,Dusi Drive,Sevopewi,24793,$4241.50
175,Willie,40,Biwkus Trail,Awazivo,61427,$3454.71
176,Eugenia,23,Gema View,Enuruhipi,10210,$2573.98
177,Dora,46,Hinsi Glen,Juhuhe,93026,$2568.63
178,Mike,24,Ateucu Extension,Fenilzuf,11008,$3552.10
179,Ada,63,Vowbi Plaza,Uhaabzid,1173,$4592.44
180,Kathryn,28,Tipgik Circle,Goconhan,28503,$7865.98
181,Marvin,42,Ozaco Junction,Fuppuhe,96812,$827.36
182,Luke,25,Wuneh Terrace,Modpigbek,45056,$6246.22
183,Daisy,54,Ecube Highway,Vituvupe,76425,$4100.97
184,Raymond,45,Hapvi Road,Cigiroh,44627,$2533.97
185,Blake,41,Puve View,Naedaca,2609,$7923.88
186,Sam,23,Esoov Point,Howuhes,120,$7215.32
187,Laura,56,Gobuv Terrace,Geszuci,7856,$8833.30
188,Roxie,43,Pevhi Key,Vehatoh,34344,$6740.51
189,Eunice,27,Docas Pike,Agiszuz,95395,$9379.65
190,Elva,27,Ligdor Trail,Wodzuluw,48818,$603.87
191,Eliza,54,Ugaza Lane,Vemiili,62642,$364.41
192,Georgia,27,Enci Court,Izotodu,69824,$6738.91
193,Minnie,36,Omhid Manor,Imugijse,4819,$4126.44
194,Bernice,38,Eludo Loop,Zakuba,11257,$4056.69
195,Jordan,41,Ucari Extension,Fetapuw,22932,$8232.97
196,Maria,64,Ijheb Place,Dahogog,80422,$279.31
197,Juan,36,Kupif Junction,Nupudot,6467,$1384.24
198,Nettie,50,Wezcov Ridge,Nimmozze,78534,$1011.77
199,Ryan,35,Topas Court,Wufsiuz,45722,$6966.10
200,Stella,43,Femi Way,Inkotav,57814,$7222.95
201,Chester,38,Upihib View,Zaihbel,52528,$1206.98
202,Myrtle,60,Fodted Path,Gicfefsa,59996,$1653.12
203,Myrtie,64,Rubir Place,Zialjap,16276,$7452.85
204,Brett,63,Mekrir Mill,Ruhuzisi,97302,$9754.01
205,Steve,24,Gucag Way,Pabmujgo,2130,$3071.92
206,Wayne,20,Boba Extension,Biwpaje,99660,$8193.11
207,Randall,20,Lojo View,Bisamru,88973,$2416.58
208,Ivan,37,Semi Square,Vadurup,56067,$8897.25
209,Brandon,35,Zajfe Ridge,Tiwumafap,48013,$5882.75
210,Douglas,48,Uhoar Highway,Joseba,53647,$8814.21
211,Sally,62,Eswiv Avenue,Baviddop,67490,$4089.77
212,Effie,35,Ijfe Avenue,Juehiguv,54593,$6638.42
213,Virgie,32,Olmuh Path,Dedoer,4224,$8900.97
214,Bernard,64,Hilboj Way,Zernivpa,57239,$2741.89
215,Nathan,24,Ozatu Place,Ivgobvaj,12112,$6476.67
216,Tyler,21,Pemre Ridge,Lecuwva,38786,$1373.56
217,Alma,46,Calpe Avenue,Baitanu,62336,$5173.15
218,Francis,37,Unutes Circle,Zutedzen,10876,$7333.44
219,Ricardo,63,Rimso Road,Bephitjok,19917,$619.78
220,Christian,40,Itvu Circle,Wizizbot,55994,$7951.05
221,Earl,44,Socle Turnpike,Nifizig,94957,$2543.58
222,Leila,28,Sudib Drive,Nokado,88797,$3594.55
223,Helena,24,Jubo Glen,Ogotobaz,15320,$5076.69
224,Sam,51,Uvcu Ridge,Zibjibse,22771,$9424.86
225,Olive,64,Itocoh View,Evodutom,85611,$5513.55
226,Jeremiah,23,Fuba Boulevard,Vopneope,15839,$6066.70
227,Herman,35,Afifec Boulevard,Rudowfo,9077,$4463.51
228,Louisa,41,Ucobem Ridge,Gomufa,28270,$5557.00
229,Lulu,48,Vidaw Mill,Nimeodi,44270,$2346.59
230,Kevin,28,Keka Highway,Ziztitvop,18991,$4526.60
231,Gene,54,Doih Circle,Ewhuldot,76409,$8147.51
232,Larry,42,Vobop Key,Maknijoj,30827,$1950.41
233,Essie,35,Bigrib Place,Gukavag,94177,$1515.97
234,Gussie,46,Tinezi Park,Wipizib,2672,$2893.54
235,Sophia,19,Morweh Lane,Gawwecvah,50092,$7921.94
236,Dorothy,43,Totiv Street,Sarofade,93704,$4188.64
237,Elizabeth,21,Opbo Parkway,Vodnuzumi,84680,$1983.38
238,Lillian,39,Okobe Trail,Likozja,13058,$2289.36
239,Ricky,43,Lalji Loop,Uhonavij,59150,$3593.19
240,Elijah,52,Iwgu Plaza,Mealco,90169,$2787.80
241,Miguel,32,Hipeku View,Rirawu,22841,$8278.53
242,Gene,47,Gutij Loop,Lasezek,27613,$1140.69
243,Louisa,23,Zovege Pass,Bikivci,57171,$9415.96
244,Katherine,41,Mitmup Ridge,Ageveceji,33311,$6080.12
245,Loretta,36,Hiple Extension,Gamodic,80216,$2724.22
246,Ricky,47,Verak Manor,Hudjakpi,65499,$1721.54
247,Beatrice,39,Ibur Extension,Wifubno,26584,$1454.15
248,Gussie,60,Fothe Parkway,Gumiwu,75630,$3015.31
249,Lillian,64,Lecij Trail,Divokcaz,72191,$4489.73
250,Troy,18,Wikuc Drive,Takokusi,325,$3422.74
251,Lora,55,Tomiv Extension,Wujiso,75831,$9326.24
252,Susan,58,Ripit Boulevard,Dawcalu,18923,$7109.15
253,Hester,18,Nihiwi View,Nijwaaj,9529,$607.51
254,Ryan,63,Jowjuk Lane,Zafceone,40275,$3852.52
255,Alice,23,Isce Park,Jazawpa,75488,$5366.58
256,Ina,56,Tawe Terrace,Dajonvu,24379,$7930.64
257,Ruth,21,Afepa Loop,Zajatnu,38685,$4145.65
258,Jeanette,21,Feuh Mill,Feufgef,31690,$7825.02
259,Chester,45,Secol Plaza,Sajuced,56671,$1644.08
260,Zachary,19,Deih Way,Ruiljaf,73733,$9783.46
261,Mattie,21,Awlel Mill,Fonimup,70306,$8141.17
262,Gene,37,Keczu Ridge,Pejocorev,74026,$8133.39
263,Pauline,29,Milno Glen,Hokarima,21757,$6906.36
264,Maurice,64,Fumni Parkway,Jobuwaj,52851,$1990.40
265,Victor,30,Zajfe Drive,Vokarme,35421,$236.49
266,Georgie,63,Bapih Avenue,Kenmovhiv,61888,$7795.55
267,Mina,46,Efguj Extension,Kajulozo,94267,$7506.65
268,Kevin,59,Amta Court,Ajoanwul,88878,$4017.63
269,Callie,50,Imawu Drive,Kidupo,21963,$1452.07
270,Gavin,19,Agrin Street,Kujhujuc,95663,$5261.29
271,Virgie,35,Zili Place,Mejajiic,36530,$2597.79
272,Leonard,56,Cajbic Square,Datufam,74675,$9105.28
273,Amelia,27,Hodum Ridge,Tichijlip,35353,$2370.02
274,Lloyd,61,Wafzot Ridge,Wujrowso,86248,$1172.89
275,Gussie,41,Zolrun Lane,Ruduzfic,12397,$9638.06
276,Benjamin,28,Jiprec Trail,Zegagma,96680,$6422.31
277,Floyd,57,Mitho Turnpike,Zugwepog,97813,$8701.43
278,Dominic,19,Fuvoh Center,Ciajza,51559,$7008.34
279,Martin,47,Colgik Terrace,Sunmacgi,39729,$5207.67
280,Dora,39,Esca Highway,Damomkap,78118,$8452.84
281,Aaron,63,Rifep Mill,Dojejub,72696,$9226.58
282,Helena,21,Utzur Circle,Giickow,16346,$2597.42
283,Luke,56,Vornel Ridge,Caicaze,22729,$2418.33
284,Amy,36,Guili Glen,Kaenebem,4522,$3421.44
285,George,34,Hiag Junction,Disivota,89310,$1835.93
286,Eliza,61,Fagah Place,Nahecuepe,49895,$3942.82
287,Stanley,52,Pujel Highway,Ukpuva,53747,$9227.97
288,Jessie,22,Dogip Heights,Gobkobju,44566,$1965.02
289,Tyler,46,Fobre Trail,Nufhorez,70584,$8085.86
290,Antonio,43,Mednir Court,Acgumhod,42889,$2275.84
291,Donald,63,Alewih Square,Keradza,43002,$346.95
292,Katherine,28,Nune Mill,Dosdewin,22160,$5416.54
293,Hilda,20,Bese Circle,Ifreba,40263,$3433.64
294,Lloyd,58,Atgij Path,Rohesva,48854,$211.70
295,Glen,23,Zipzu Glen,Awfudfus,61936,$2165.87
296,Ray,55,Lumop View,Jecage,18750,$4526.39
297,Eleanor,41,Fidoh Center,Caraaf,90531,$8849.76
298,Lawrence,46,Rerik Way,Pibihuwe,77076,$9880.10
299,Johanna,26,Ifziw Loop,Sewowjic,64883,$7980.55
300,Bryan,40,Gegmaw Loop,Hanopif,65878,$3573.17
301,Shawn,45,Bebu Circle,Buvgiit,49028,$1975.58
302,Mark,61,Fugpi Mill,Mepwacem,16987,$1096.51
303,Erik,22,Isijo Loop,Daregu,95005,$6144.49
304,Mamie,30,Orla Terrace,Unluso,85869,$1874.17
305,Maggie,35,Zoguh Trail,Ufobijze,82198,$3991.78
306,Angel,49,Rukol Extension,Udovined,69898,$9838.98
307,Jeremy,41,Odud Street,Taljaite,24619,$8172.28
308,Emma,30,Nitbi Junction,Ocdebe,25500,$9078.76
309,Charlie,19,Panonu Parkway,Fadkoari,36530,$3279.56
310,Sam,65,Ladi Glen,Zummoat,14794,$6658.04
311,Victoria,56,Ejevu Heights,Jadadta,52286,$2918.81
312,Anne,20,Jegju Glen,Odidewba,49665,$8371.82
313,Bryan,64,Tavicu Park,Hucnulmut,26229,$7459.12
314,Marion,46,Cehpad Lane,Rimkasho,38690,$3976.65
315,Georgia,36,Zenje River,Podkilsup,48155,$1592.00
316,Maud,62,Nuga Loop,Casefvoh,47619,$900.93
317,Allie,58,Savsuv Parkway,Tawisje,83852,$1604.23
318,Jim,51,Faumi Terrace,Hukruvew,6553,$6795.07
319,Mabelle,35,Tohde Terrace,Sespoftic,77284,$3107.05
320,Cole,43,Wuob Ridge,Kozopeg,10794,$4640.77
321,Bradley,44,Rarlul Trail,Pubniec,28021,$6679.66
322,Nathan,62,Zojuz Boulevard,Ziwugi,12144,$9284.22
323,Etta,50,Vuwjob Way,Napcorge,62689,$4917.32
324,Virginia,58,Umokac Parkway,Aphenim,29498,$2725.01
325,Jessie,42,Uruzaz Circle,Lapodu,14098,$705.11
326,Ray,29,Jumwa Glen,Wewmabi,70768,$787.70
327,Bradley,45,Mase Junction,Racpuna,65861,$1736.04
328,Katherine,27,Uwri Pass,Acsefa,88700,$8476.23
329,Peter,58,Huat Ridge,Hebafjan,43067,$6491.63
330,Daniel,60,Owanud Glen,Debizgu,64429,$4663.63
331,Eunice,24,Izcoz Avenue,Sechukeb,50926,$6050.50
332,Linnie,59,Acje Loop,Molpasa,18001,$961.18
333,Chris,52,Lola Point,Lafinguc,40299,$2728.39
334,Sylvia,30,Ekegu Terrace,Feelfe,76181,$2959.93
335,Julia,64,Gasag Circle,Jusuldac,25739,$464.29
336,Betty,52,Fumpo Street,Aldoga,65053,$6669.78
337,Emily,21,Kogru Place,Folojka,33403,$6120.70
338,Timothy,26,Kenuk Court,Enefope,82420,$3903.62
339,Evelyn,38,Toir Square,Ruppacunu,31084,$9893.16
340,Bryan,49,Weur Manor,Cuzremir,50404,$4121.15
341,Nathaniel,52,Urnom Park,Kugroma,17849,$6632.62
342,Amelia,29,Ofohur Terrace,Jitunaf,40258,$6096.73
343,Viola,51,Tufbir Highway,Jilucwa,89727,$1242.30
344,Susan,52,Zupbe Grove,Tihevni,69202,$3192.74
345,Clifford,61,Nila Key,Gihipel,14530,$8695.72
346,Vincent,42,Otdod Parkway,Wesdehu,82403,$2704.46
347,Shawn,52,Ceswuw Manor,Mizretuha,17750,$3846.55
348,Catherine,55,Ejifi Trail,Ulecuase,23152,$4228.57
349,Alfred,61,Ziweh Park,Tedinsi,41079,$4263.17
350,Myrtie,62,Rotu Heights,Cupowomep,42078,$7688.38
351,Frank,46,Unerod Trail,Mopluzuz,27267,$9826.52
352,Sadie,51,Rateg Ridge,Vidife,99804,$1566.95
353,Nelle,39,Umuuce Place,Vetgalmeh,28929,$8107.10
354,Hettie,29,Veod Boulevard,Hafnoto,52956,$1333.71
355,Albert,27,Cofuf Avenue,Dosinu,89762,$4080.15
356,Martin,25,Hoor Pass,Rehwodwej,5838,$8310.61
357,Bessie,33,Enero Avenue,Wevovef,40594,$7962.24
358,Ida,44,Vepham Pass,Vibobula,71164,$1594.33
359,Blanche,53,Fukgol Heights,Dosimaili,27488,$4659.01
360,Alvin,55,Lumhaj Court,Razpimig,40868,$8822.37
361,Luke,32,Kaiwa Glen,Rizarap,13132,$1786.30
362,Alex,58,Gidsa Road,Eduitukin,1913,$6695.02
363,Russell,20,Egugan Trail,Mewovat,5398,$6819.81
364,Gilbert,45,Kaljeb Park,Rolejuef,73098,$8331.37
365,Virgie,40,Jiibi Terrace,Widuvi,55164,$4150.84
366,Nora,24,Cuppo Ridge,Notaceh,40294,$5357.73
367,Leroy,48,Civne Street,Suwwuvfa,69637,$3091.28
368,Jesse,40,Ambu Square,Ikolve,69721,$507.88
369,Ellen,46,Wehe Terrace,Sinivbos,58073,$1756.27
370,Andre,52,Imocac Grove,Woztapaw,20068,$8877.52
371,Josie,38,Monagi Point,Zugvezenu,15942,$8214.50
372,Devin,40,Athof Plaza,Movsejgup,53111,$6252.84
373,Ola,50,Vevume Key,Gepgectip,21373,$6188.06
374,Rosalie,56,Kuera Avenue,Zisukdef,14997,$2248.54
375,Dustin,52,Uwirif Avenue,Romnumfot,83998,$4049.97
376,Carlos,42,Ciphi Road,Ziztacpo,12441,$2246.50
377,Brian,43,Wafdup Boulevard,Boffidaju,52039,$478.86
378,Gregory,62,Cizvo Loop,Ezdumnuh,3694,$4120.02
379,Annie,23,Gejo Circle,Iharamhim,2067,$3257.66
380,Herbert,26,Rivcuc Park,Dephueva,17796,$799.64
381,Mario,24,Jasa Manor,Hewkulig,25829,$622.65
382,Bernice,37,Nisiv Street,Ziamofi,73889,$1748.48
383,Elnora,47,Rahu Glen,Karedeot,1667,$2682.30
384,Lester,50,Evko Plaza,Gibosose,33536,$4256.61
385,Jim,37,Deame Extension,Samulehi,14453,$1595.73
386,Bernice,56,Emsov Path,Juwaduap,60353,$6600.80
387,Harvey,32,Feno Park,Inbabuko,53823,$8382.74
388,Teresa,55,Sius River,Datifib,63776,$2962.68
389,Barry,43,Ragle View,Fonosoc,27355,$8035.29
390,Floyd,26,Vatgef Circle,Piafje,85822,$8304.73
391,Leo,30,Rivil Square,Sefiog,43431,$3276.31
392,Mayme,50,Jajwa Loop,Suufpe,18295,$5687.94
393,Dylan,40,Raob Pass,Rozurdi,51194,$1750.45
394,Brett,60,Gomi Grove,Figbomdi,51117,$5399.77
395,Angel,34,Fosaj Way,Sihubtuc,33766,$9612.43
396,Lena,30,Gunap Trail,Bezvuwla,83460,$7799.76
397,Ella,18,Ruhi Street,Domcitco,42846,$9886.33
398,Alta,63,Weha Manor,Oseviczem,71993,$928.73
399,Lura,34,Jamo Park,Lotija,41565,$577.95
400,Lucille,44,Duta Way,Nawiszu,20370,$8780.39
401,Emily,48,Ojjo Plaza,Bilarezu,25091,$1374.39
402,Kenneth,26,Couna Highway,Muzowsim,46139,$4396.12
403,Russell,32,Gion Pike,Geomgus,13607,$9042.16
404,Alberta,35,Wibdar Grove,Cumtavbif,85281,$6136.15
405,Samuel,31,Fubedo Pike,Dafiab,25539,$5722.69
406,Chad,63,Emvef Loop,Hufuwog,98334,$2735.70
407,Alfred,22,Nara Extension,Cerupeb,96656,$1721.65
408,Sean,47,Muhne Center,Girubu,23507,$4742.71
409,Frances,35,Mormuc Grove,Cudafoz,95793,$5754.55
410,Mario,30,Ewuje Junction,Ombelpu,64099,$3717.30
411,Joshua,55,Meda Square,Nahcaoze,97800,$8400.01
412,Sally,49,Fola Ridge,Ecrocger,3222,$1073.77
413,Celia,45,Vame Boulevard,Pidwecoz,68486,$3778.30
414,Rebecca,64,Doah Path,Noukoze,25987,$4874.82
415,Margaret,32,Kocoz Junction,Deliroj,92232,$4392.79
416,Joseph,39,Ecuno Street,Mijnelhu,86169,$2310.98
417,Garrett,63,Ehohot Grove,Zioluke,73170,$7403.36
418,Lina,25,Orhu River,Delopad,58931,$6159.31
419,Eleanor,40,Zatu Manor,Canime,12134,$5917.87
420,Ann,54,Hamjoj Circle,Homjijtih,56443,$4236.61
421,Lloyd,65,Feti Junction,Ucelveb,92178,$1196.78
422,Bill,36,Leki Junction,Gaulavip,6389,$934.25
423,Genevieve,47,Pifed Plaza,Womekhip,12356,$7817.11
424,Rosie,44,Etezi Boulevard,Hokolap,93284,$2843.71
425,Tommy,49,Tuuvi Mill,Temiwavek,5226,$1517.04
426,Susan,27,Uzebup Trail,Dofifiju,54037,$919.77
427,Micheal,25,Jubpof Loop,Awebiavo,6323,$283.16
428,Bernice,44,Pinvej Terrace,Buaptef,41678,$9774.54
429,Dominic,49,Gubu Square,Juovzit,31208,$9061.12
430,Glen,64,Vujju Road,Etoujotu,26579,$784.16
431,Rachel,33,Hakces Boulevard,Nuwicewi,85044,$9623.34
432,Fannie,28,Hafpa Court,Saterbuv,26307,$2567.18
433,Albert,58,Azdac Heights,Jujbojit,8159,$2572.20
434,Jackson,35,Ofnez Ridge,Gutaaga,86754,$2008.84
435,Curtis,44,Jepa Road,Wocgizol,58023,$5737.64
436,Alma,31,Nucfej Place,Ifeduwu,41092,$8797.91
437,Glen,31,Zuzu Lane,Seosha,66089,$9958.65
438,Violet,32,Totuk Terrace,Kejejkoh,70374,$8596.57
439,Rose,32,Vansa Heights,Zuggehmap,83501,$7856.34
440,Derrick,57,Giwwi Turnpike,Lukedoiro,10625,$8181.78
441,Florence,49,Owiki Highway,Dumeuj,49837,$5000.29
442,Thomas,36,Taik Loop,Hulilce,59692,$2627.42
443,Stanley,39,Zajase Avenue,Revukva,96127,$1377.83
444,Delia,36,Orebi Park,Mowibzi,27670,$3946.01
445,Howard,26,Rufbep Drive,Wirophoc,2517,$292.07
446,Evelyn,55,Maftu Road,Haipve,48116,$1602.33
447,Norman,42,Wacloc Trail,Cabebfu,26229,$7441.98
448,Jerome,52,Otzap Point,Erobavif,17348,$9375.93
449,Norman,35,Rogev Lane,Gizitare,50275,$3460.87
450,Elmer,22,Ican Pass,Rurtuki,14847,$1746.38
451,Rosa,53,Gosmi Pass,Mamwagoz,56785,$3520.08
452,Rodney,30,Uzuza Ridge,Kozviog,47389,$6598.93
453,Lewis,30,Enbis Manor,Robjapeb,5169,$9880.71
454,Evan,22,Vufca Junction,Fasotla,45214,$3794.63
455,Dorothy,46,Laval Park,Pulfocud,30290,$9507.17
456,Ethan,44,Wehas River,Corjolce,40813,$527.47
457,Ophelia,43,Lomev Junction,Vooggo,9757,$1947.91
458,Katherine,30,Zallu Avenue,Cawpusum,58563,$4595.65
459,Blake,40,Afha Place,Voggiwi,67023,$146.50
460,Nora,30,Sabni Square,Vupipaj,90777,$7834.21
461,Todd,59,Joci Extension,Hagiebi,1981,$9592.35
462,Willie,64,Zofeka Avenue,Gunaiti,25668,$494.81
463,Catherine,41,Sikkot Court,Tofcoztu,55060,$6462.56
464,Willie,65,Lusib Plaza,Ticutar,33538,$4454.06
465,Ronnie,26,Hacid Key,Zileomu,92266,$7604.14
466,Ronald,45,Reki Junction,Lojheteh,7331,$370.63
467,Lucile,26,Derjo Point,Buinodi,99516,$5602.15
468,Lura,65,Sizow Square,Vorsurun,8824,$589.39
469,Jeanette,57,Piut Park,Giwunfip,91430,$4461.82
470,Delia,20,Lacec Avenue,Esuflub,83498,$7497.73
471,Ida,54,Futfe Pike,Danejvot,86604,$9918.21
472,Connor,22,Nodbe Glen,Zewbazri,95045,$7009.55
473,Earl,55,Impup Court,Cokunizo,27751,$2394.06
474,Birdie,61,Coto Park,Duwaha,3477,$7541.94
475,Landon,29,Naso River,Vuwoga,99006,$6527.70
476,Leah,20,Kedbaf Way,Dafdeki,37438,$7375.29
477,Claudia,21,Zafhib Manor,Jifwamu,61546,$2101.43
478,Dollie,41,Hidka Way,Fisuljij,43359,$1490.56
479,Birdie,61,Dokus Center,Sotcugdam,13307,$604.93
480,Austin,48,Uzipe Avenue,Naohohel,77675,$2424.40
481,Mario,25,Keruk Highway,Guvmeawu,58699,$1.22
482,Benjamin,23,Unoafi Road,Gaabupat,8467,$3931.91
483,Millie,62,Ciglu Court,Cofverni,36068,$3691.07
484,Birdie,24,Maso River,Utremmum,62561,$336.04
485,Aaron,62,Halaf Loop,Havzebu,94267,$4034.51
486,Ophelia,51,Fizef Grove,Luakojar,58335,$8315.77
487,Joel,22,Zitpe Way,Ejeotanar,37480,$5674.87
488,Fanny,40,Cucud Boulevard,Coegusin,71597,$1131.07
489,Norman,28,Adawob Pass,Degovac,2516,$3509.32
490,Elva,39,Uzudo Parkway,Weblebnum,67539,$1310.90
491,Lois,25,Cothun Ridge,Wacigsuv,86465,$2185.35
492,Henry,40,Akizoz View,Bimhera,52258,$4168.04
493,Eugene,39,Luzok Ridge,Tezvocvu,26061,$1827.45
494,Connor,61,Gosfop Trail,Nejudmi,17299,$4458.27
495,Ronnie,61,Mogaf Extension,Utacilga,60646,$2968.84
496,Janie,47,Peuf Pass,Liheub,83772,$9154.96
497,Delia,26,Ejufa Center,Nuliphe,50135,$3499.62
498,Oscar,27,Podte View,Zehirca,88153,$9695.51
499,Harriett,39,Subvi Parkway,Pertibzih,83557,$8106.09
500,Noah,54,Ipolok Loop,Larabpo,54395,$445.48
501,Harriett,36,Hadli Junction,Teonoatu,41001,$8846.03
502,Charlie,50,Wido Mill,Mozahih,59265,$1857.78
503,Robert,54,Livzaf Plaza,Ikiwuide,49543,$9071.40
504,Leo,38,Ilebo Square,Ilidwe,72166,$4890.21
505,Glenn,46,Bumip Street,Ridroli,14969,$2929.87
506,Estelle,59,Zevil River,Hinecoce,65181,$8654.21
507,Hettie,33,Tuzomu Path,Carerwic,24116,$3060.93
508,Winnie,36,Savum Place,Naruzvo,99924,$9881.71
509,Lina,65,Mako Key,Wofmahcis,31327,$8759.19
510,Christina,45,Liku Junction,Bumnuwnit,11642,$1473.02
511,Alvin,18,Waca Path,Arugemu,17298,$6263.59
512,Mitchell,33,Dohud Trail,Hoaroru,72569,$3441.87
513,Peter,57,Ituke Center,Jijpihsof,56636,$1515.60
514,Nellie,35,Ivvi Park,Duvigod,18439,$4292.85
515,Linnie,60,Popida Place,Sumucjar,30364,$3786.84
516,Ida,48,Pila Mill,Zifawle,20947,$680.93
517,Rhoda,21,Udobuj Junction,Zuejwu,78902,$6244.93
518,Leah,54,Avpof Road,Ageavkul,26928,$3541.50
519,Mike,53,Sobop Key,Uvelucom,55559,$5826.68
520,Roxie,21,Apevoc Point,Alhilzu,5448,$1732.78
521,Tom,25,Ondi Key,Catesru,99283,$6446.02
522,Rena,39,Pajuj Way,Nowkoci,85835,$706.56
523,Nathan,20,Mopo Glen,Melivmu,28225,$1436.16
524,Jennie,22,Peidu Heights,Durjirmom,49949,$2604.33
525,Randy,65,Mocbuf Ridge,Tirlose,72015,$5124.98
526,Dylan,57,Bucsu Trail,Arudanpu,20541,$4235.49
527,Ethan,20,Tefef Parkway,Akaagusa,70613,$5933.31
528,Victor,36,Emomes River,Zafrablu,1167,$6262.88
529,Don,24,Daefa Court,Lagekku,71045,$4745.29
530,Curtis,35,Wofip River,Foanhe,94373,$7692.68
531,Della,28,Luzu View,Cavivu,41170,$9104.08
532,Glenn,45,Huem Pike,Japonhi,46607,$6694.33
533,Julian,40,Ipova Avenue,Nejeskel,17259,$1684.65
534,Clayton,23,Rowviv Parkway,Obkohiw,53059,$8823.86
535,Alan,65,Mipok Boulevard,Ubuwemnal,6984,$6605.58
536,Franklin,43,Loed Highway,Gesiwaeh,46777,$4235.10
537,Bertha,46,Tiwel Boulevard,Onuzeis,18622,$3955.08
538,Todd,20,Reru Heights,Viledap,5081,$2841.46
539,Verna,59,Wuko Glen,Wacuvi,93887,$1242.68
540,Inez,22,Meset Turnpike,Poslaba,16179,$8660.25
541,Eugenia,23,Fifew Point,Pepubo,82565,$5939.40
542,Lee,52,Ilito Avenue,Dubkiose,65886,$6149.65
543,Bessie,29,Eheju Terrace,Hidhuuru,13282,$8778.92
544,Virgie,22,Ululas Point,Volwulas,20776,$84.54
545,Mamie,37,Uslac Terrace,Ubtidam,69236,$4187.57
546,Keith,65,Vemej Parkway,Waenniv,65645,$2659.04
547,Juan,37,Zuze Turnpike,Soudcaj,43528,$9817.01
548,John,58,Vaajo Center,Kosetrel,67546,$1439.40
549,Ricky,36,Ibagun Key,Wuloug,84081,$9412.84
550,Marc,60,Eweeja Drive,Girokene,32562,$7915.46
551,Raymond,33,Kuho Center,Hasjausi,18854,$6434.49
552,Anthony,46,Mokli Trail,Vonjohiw,77010,$2228.26
553,Andre,63,Dade Way,Soafec,60438,$6287.69
554,Elijah,47,Sabnaj Loop,Gowupaj,2243,$9441.15
555,Lilly,57,Ciow Extension,Durekci,9774,$8761.26
556,Jason,33,Mewtu Glen,Ujzeddaf,9988,$5343.94
557,Henrietta,64,Zavo Parkway,Ceromzek,43879,$5066.91
558,Kathryn,26,Faca Square,Wujepif,2016,$8786.49
559,Lillie,39,Zapozi Parkway,Hobtozag,91603,$9904.88
560,Christian,44,Kapo Street,Nikimti,52618,$2520.01
561,Cecelia,38,Bifoj Loop,Isodacte,73155,$9709.54
562,Maurice,29,Vimo Turnpike,Kadare,15631,$7573.28
563,Fannie,42,Nusval Place,Sondiso,66714,$6360.62
564,Helena,59,Wenej Avenue,Moiktiv,91123,$3197.66
565,Lillie,58,Lugku Mill,Tugoriw,4503,$717.32
566,Isaiah,46,Riawe Drive,Jidihij,4467,$7317.80
567,Ann,52,Kahbah Trail,Tegmijof,31579,$2909.56
568,Garrett,52,Muhego Point,Jesuzgo,77255,$1388.80
569,Allen,41,Zohma Terrace,Atjukeg,16454,$7223.67
570,Ella,59,Felro Key,Nuavekev,37962,$2950.82
571,Willie,40,Vozor Ridge,Gepulvar,59848,$7131.44
572,Lois,34,Kobnuz Ridge,Giotci,69041,$8963.44
573,Estella,34,Litica Pass,Duecgi,38715,$8398.53
574,Estelle,42,Sinuwo Mill,Zipawcaf,83795,$3977.14
575,Troy,47,Jufe Manor,Ebnige,22692,$6138.07
576,Mike,22,Jormal Place,Funmojvol,32479,$4666.18
577,Mathilda,43,Bahpaw Square,Neludoj,43614,$6847.86
578,Albert,24,Sejuv Road,Roabmif,77742,$8135.32
579,Mason,18,Dewe Park,Poskisru,74322,$2406.95
580,Lester,28,Hiseb Terrace,Vazotmij,67154,$591.97
581,Kate,53,Fimu Junction,Fuupoek,15888,$6746.23
582,Rebecca,61,Ugwez Point,Wiotwop,73063,$4237.23
583,Violet,58,Ufule Court,Vodbirom,73520,$8498.88
584,Willie,65,Rivdov Park,Gedsace,48597,$5658.75
585,Warren,37,Feuhe Trail,Udfubwe,53486,$8989.04
586,Mittie,22,Famas Court,Ovfupu,40998,$8126.63
587,Randall,64,Cufe Turnpike,Isawewo,58104,$4047.77
588,Dennis,44,Cizig Extension,Lobjejeb,10607,$3438.98
589,Mary,50,Guako Loop,Teludu,78850,$9885.82
590,Violet,54,Cuhej Boulevard,Zopujoka,80489,$317.88
591,Betty,64,Virhon Square,Wewire,68099,$9619.71
592,Olga,40,Judjik Center,Gabugje,99140,$3979.78
593,Dustin,36,Fiwjan Turnpike,Lorpidis,12980,$7848.19
594,Adelaide,44,Ogulo Loop,Ezaezesiw,18996,$5597.72
595,Kathryn,45,Udsu Lane,Neczofo,61697,$746.13
596,Katherine,59,Risof Parkway,Alimadvu,37124,$6879.22
597,Ola,20,Bepa Mill,Zigzeru,81288,$6240.14
598,Seth,61,Jeimi View,Jifovel,89874,$9432.06
599,Warren,51,Zugbe Plaza,Ujidawal,88997,$2024.83
600,Nathaniel,20,Tilur Drive,Ecforse,69577,$2883.20
601,Callie,65,Julzos Parkway,Vufruen,93461,$1362.90
602,Vernon,40,Dizig Point,Ikemujnes,54930,$9008.27
603,Nettie,29,Laspo Court,Jujhoshif,41221,$8615.61
604,Allen,31,Ipku Mill,Wuntocsa,83936,$1635.78
605,Ethel,23,Pulaja Road,Bolalibup,98631,$9920.98
606,Oscar,63,Abetaf Trail,Sikkames,26982,$3042.23
607,Loretta,53,Tulpav Street,Bemjoze,56390,$3983.23
608,Keith,28,Akic Manor,Fujvifvaw,63022,$3277.51
609,Marc,28,Ruwfip Path,Acekulew,41734,$4166.49
610,Mae,29,Utuwa Pike,Gannazwav,17226,$1048.63
611,Eric,54,Difpol View,Vakakji,74631,$4583.56
612,Kenneth,19,Hajcu Highway,Dulrakjup,82218,$5468.63
613,Travis,40,Sahmaf Mill,Virisko,70155,$6528.31
614,Vincent,63,Depe Plaza,Cejumtig,99807,$3635.14
615,Hester,33,Joge Terrace,Lanofep,16437,$5141.73
616,Alejandro,32,Nuzsow Street,Erezica,34582,$2423.65
617,Jared,45,Bipidi Extension,Diwnoje,30002,$5052.59
618,Viola,49,Dutep Place,Zeihako,77197,$9066.11
619,Sean,37,Bohuf Highway,Ubajguw,4627,$1018.73
620,Scott,24,Eheju Boulevard,Pemgaswo,67557,$6397.71
621,Douglas,60,Wufej Place,Lajesej,16784,$5520.17
622,Ella,37,Dica Ridge,Vilazat,43369,$7595.15
623,Kenneth,32,Huma Way,Lawoat,9088,$2777.88
624,Bill,30,Sodiku Junction,Biomemo,1340,$7382.51
625,Gussie,24,Soblij Square,Wamnujuw,45307,$9776.49
626,Madge,18,Wetjil Key,Arejunuv,78798,$5577.28
627,Mae,62,Sebeh Street,Riudjuc,33483,$702.60
628,Rena,36,Ruto Manor,Kuwsiuj,38967,$5897.51
629,Benjamin,46,Ugwuz Trail,Apoocvac,50454,$8652.30
630,Luke,35,Orkud Road,Jorfedfor,46630,$9996.36
631,Theodore,50,Rifri Way,Owgone,7443,$9777.80
632,Leonard,43,Vamvo Court,Ramilu,40545,$331.19
633,Leon,31,Uzijir Street,Dotecireg,32111,$9716.62
634,Louis,23,Urlim Pass,Ejadool,79341,$4305.55
635,Nora,34,Benus Ridge,Cucduwut,81980,$6956.12
636,Mollie,56,Kikuz View,Dohpanmo,56946,$8481.10
637,Hettie,59,Ozucan Way,Zesiku,82561,$9064.81
638,Etta,34,Ginu Avenue,Gekmopur,94718,$6520.24
639,Catherine,65,Istal Highway,Inoebaken,96135,$2369.31
640,Rhoda,36,Delic Avenue,Sudwilu,83720,$5089.69
641,Leo,59,Ehemo Trail,Lelfafsif,79885,$3441.46
642,Michael,18,Ambip Grove,Koherooc,52463,$2211.27
643,Christine,28,Unitep Mill,Litonfe,91867,$5633.57
644,Seth,60,Gehum Trail,Ovedozo,577,$725.05
645,Margaret,37,Foru Center,Civedne,69935,$4168.67
646,Ollie,37,Gowrum Manor,Puzvomor,52658,$6664.02
647,Isaac,22,Bodi Junction,Kipsacpe,2776,$4174.62
648,Lina,52,Epcav Plaza,Coidami,78014,$6138.93
649,Willie,22,Huwar Manor,Codowigag,7908,$7939.46
650,Lola,42,Ficek Highway,Ezvurrew,41980,$3093.97
651,Brett,53,Pabe Path,Ewvebet,21727,$498.63
652,Fred,24,Ojraz Circle,Emesauk,78260,$882.88
653,Rosa,63,Jizisi Pike,Lugucjid,44268,$1068.73
654,Jayden,55,Ebfa Square,Tudiano,1542,$7265.84
655,John,22,Depid River,Kubvezep,31556,$7973.18
656,Georgia,34,Tetri Pike,Zaosaku,25754,$8025.84
657,Isabel,54,Siba Grove,Zonivreg,90541,$9990.05
658,Eddie,40,Mafo Way,Lehidet,8703,$510.16
659,Isabel,23,Koiz Parkway,Tarnabop,45868,$8359.59
660,Nathaniel,44,Pubim Boulevard,Wicezibal,78856,$192.92
661,Jayden,55,Mapoh Way,Supahulu,17333,$3666.89
662,Cornelia,51,Ceghah Ridge,Toitmu,16452,$2844.90
663,Janie,45,Fimug Heights,Mifusku,27768,$3898.27
664,Philip,63,Mobi Square,Ujliawi,95287,$2884.76
665,Vernon,49,Sipa Pike,Mersowok,58793,$2355.78
666,Mary,38,Kamad Center,Kuumeiku,81480,$725.82
667,Millie,19,Duhuh Terrace,Lowceci,75568,$60.29
668,Ann,63,Wides Extension,Nijcija,6786,$1549.11
669,Marcus,53,Sunano Trail,Rinpetve,42675,$7369.42
670,Donald,23,Puwnib Drive,Beonali,68181,$3891.75
671,Paul,35,Ewgit Circle,Acebse,7204,$1678.87
672,Sarah,60,Setban Loop,Luvnoze,62264,$5612.16
673,Luis,19,Usiraj Heights,Ecitovo,13396,$9141.60
674,Verna,50,Jenij Point,Icuhido,37728,$4169.78
675,Fanny,41,Ruzel Extension,Farmomi,56898,$7945.71
676,Mae,51,Asiime Park,Hobawenu,73730,$2880.00
677,Russell,41,Navje Ridge,Wicsewcec,44115,$2285.31
678,Carolyn,19,Pune Boulevard,Ocdewafo,71494,$8832.11
679,Jane,48,Fuwwe Drive,Kizuple,56800,$8183.45
680,Derrick,40,Joupa Path,Fazvugwal,28379,$3583.96
681,Maud,52,Opodo Ridge,Ubhevji,94335,$4175.83
682,Frances,51,Nepke Lane,Dekugca,4171,$9938.87
683,Erik,60,Dekus Park,Socave,75416,$8764.40
684,Jessie,21,Dizi Street,Tefgowum,14131,$8406.82
685,Johanna,45,Rujo View,Ejtine,32557,$5026.46
686,David,41,Maoc Pass,Toutju,30744,$8943.82
687,Harvey,24,Micuz Highway,Falhije,25833,$6083.14
688,Lester,36,Bola Plaza,Geoboumi,58928,$1772.09
689,May,54,Vevik Boulevard,Kohuije,26818,$8561.08
690,Lida,37,Vetcer Square,Wajazodab,58694,$27.22
691,Johnny,54,Basa Grove,Upauhavi,46952,$2480.52
692,Mary,40,Dizje Road,Polehcu,41259,$5723.71
693,Douglas,42,Efsu Place,Zevajujo,18482,$2161.68
694,Grace,27,Vagge Place,Jujuja,51141,$983.73
695,Lena,51,Cutop Square,Rafojoci,66608,$4914.02
696,Amelia,57,Mofces Loop,Zamrizli,22095,$6329.86
697,Lucas,22,Apega Path,Sopnozpus,20703,$8226.84
698,Nelle,53,Meget Place,Jiluzceh,98094,$7717.25
699,Margaret,45,Julgu Highway,Ucogispev,41672,$5222.99
700,Lucas,51,Voace Terrace,Heglobhab,75899,$5670.38
701,Mayme,26,Lulol Manor,Kagdumno,48334,$276.00
702,Brent,47,Idaibo Ridge,Bebapnan,35211,$7679.45
703,Rebecca,26,Zefwow Pass,Doazwid,38185,$3700.08
704,Hunter,43,Lagvak Place,Utfuom,99543,$2769.20
705,Joel,21,Cega Plaza,Parpemvi,58077,$2753.82
706,Lucile,48,Rezuja Loop,Cinedosah,18806,$672.31
707,Fannie,54,Evocuv Turnpike,Kukasew,13073,$6816.87
708,Ida,64,Sefe Extension,Tuwsusbu,25949,$4348.74
709,Winifred,52,Huel Point,Vaevfu,20949,$9375.57
710,Larry,45,Cine River,Ridunrap,4992,$6848.54
711,Birdie,59,Cawo Pass,Comuhewuc,29008,$2891.49
712,Vera,18,Cotub Pass,Diwokve,2909,$7245.25
713,Chester,60,Arinuh Turnpike,Mavrakal,35263,$2677.38
714,Clarence,62,Egteg Circle,Kadegel,92410,$1376.56
715,Nell,51,Degoj Square,Hiwomif,44902,$4965.97
716,Bessie,26,Nomuw Boulevard,Gerehop,94235,$2911.53
717,Ola,39,Ozoduw Center,Haslozem,48695,$1802.26
718,Bernard,42,Sazeli Ridge,Litkofgot,92192,$807.38
719,Lucas,49,Sooj Path,Jiwoibi,57850,$6852.76
720,Nelle,32,Babwu Court,Recubooh,69075,$8877.83
721,Marvin,60,Civo Court,Ogsige,26392,$9468.71
722,Victor,60,Doom Way,Likrela,87645,$7339.43
723,David,28,Dusa Highway,Rujithe,2636,$6500.29
724,Terry,28,Migdok Point,Vinbosfa,70310,$850.81
725,Betty,42,Vouv Place,Assiwuw,66927,$2904.82
726,Glenn,49,Nurpet Street,Sezibisu,43338,$6516.95
727,Johnny,52,Neco Ridge,Ilucamij,22478,$1877.29
728,Jimmy,50,Adjo Street,Citucnit,89886,$744.67
729,Minerva,22,Mouv Manor,Esoterez,33829,$8694.46
730,Nicholas,55,Busule Center,Diconner,76494,$2337.89
731,Alfred,57,Wenad Mill,Sokobil,94711,$6952.79
732,Clara,42,Manoje Lane,Jowezvo,92906,$8755.37
733,Millie,28,Negan Boulevard,Popnoze,56739,$6248.78
734,Ollie,44,Giwof Drive,Iwipufo,63652,$2432.67
735,Myra,23,Piim Turnpike,Celirwav,90302,$6126.76
736,Lettie,62,Gebnu Turnpike,Gotkalaci,4132,$4146.97
737,Calvin,36,Ufuoj Turnpike,Zawejug,81039,$8186.43
738,Joseph,43,Umnon Circle,Fotlizup,98199,$7949.03
739,Susan,49,Iwijow Place,Opanasib,99780,$2001.55
740,Nicholas,53,Bulo Highway,Nozrueno,83456,$7774.88
741,Carlos,64,Zovmu Trail,Agesozcog,10329,$4429.17
742,Carolyn,44,Gudime Boulevard,Relawva,52452,$2741.03
743,Rosalie,56,Ameje Street,Radhomog,94528,$8958.44
744,Steven,41,Cuhke Place,Bafehnih,13296,$3019.40
745,Alvin,62,Unuubi Grove,Mevonus,86425,$6704.71
746,Louisa,31,Gopjah Road,Jehifwi,54522,$42.52
747,Lula,42,Ewfa Park,Vahudus,79095,$3972.53
748,Franklin,23,Izzof Junction,Navsodden,70479,$2134.57
749,Juan,29,Iboov Place,Laboher,31525,$3290.60
750,Marian,63,Magha Place,Wigutu,80485,$2776.94
751,Brandon,50,Wushik Highway,Uzmiil,21209,$9917.58
752,Maurice,18,Wofat Court,Ledojuta,63856,$6430.51
753,Jack,63,Nada Extension,Oskedgo,26223,$771.14
754,Ella,32,Nolziw Ridge,Kitdondis,74867,$8576.94
755,Rachel,53,Nubeb Glen,Hurluji,55394,$171.55
756,Alma,61,Sumbu Glen,Rilzogo,69960,$9881.33
757,Dean,52,Iswav Loop,Suuzucuf,88723,$7926.94
758,Antonio,44,Kuevi Place,Gekvuse,30520,$9128.82
759,Evelyn,25,Dovfo Road,Adusevpi,83929,$2673.71
760,Lilly,61,Fokup Pike,Rubuzide,46931,$8152.39
761,Mattie,23,Ibus Center,Razofaob,5907,$7618.00
762,Tyler,57,Utonof Parkway,Azebugger,46323,$797.35
763,Sam,62,Toru Avenue,Efiimca,20829,$4275.61
764,Dorothy,53,Buklac Path,Nonzozaf,70659,$3682.65
765,Owen,28,Getek Highway,Vopemras,12853,$7864.22
766,Randall,48,Jusop Grove,Uwvihon,17872,$1254.17
767,Lily,50,Vudsal Ridge,Zuzsopzan,69877,$632.33
768,Owen,63,Okaje Loop,Ladiset,55523,$7336.27
769,Erik,18,Zisra Place,Badisliw,9520,$7608.81
770,Martin,35,Ahazi Boulevard,Weepwah,4661,$2653.57
771,Gussie,34,Osiso Road,Otokurjeh,55111,$9528.56
772,Sally,38,Wobam Mill,Hulpudi,90993,$3563.94
773,Nina,53,Odrik Pike,Vadidrub,32936,$3122.50
774,Josie,61,Feeju Terrace,Wedolpi,87725,$5147.79
775,Carlos,62,Pitkon Manor,Rigaggo,97474,$47.79
776,Franklin,50,Kireh Ridge,Idtuat,8048,$4317.44
777,Timothy,44,Topej Square,Sapuro,87330,$4293.95
778,Cora,59,Bimig Pike,Hakudewu,12182,$6430.23
779,Don,51,Umafet Center,Emekazed,42721,$5855.06
780,Kenneth,47,Atideg Extension,Bofsusu,64981,$4634.62
781,Caroline,19,Goebi Lane,Gefucsev,58549,$3700.47
782,Bernice,36,Vaog Avenue,Hurjuchib,77402,$1489.97
783,Theresa,65,Duzen Trail,Hewaczi,59243,$337.62
784,Hannah,46,Uviala Junction,Zavjoptap,26124,$1857.49
785,Brett,24,Kagce Boulevard,Usjado,82588,$761.83
786,Alvin,35,Kagup Drive,Sircunup,71019,$7039.78
787,Billy,37,Hajzij Pike,Sucrulac,57574,$4668.59
788,Melvin,48,Gidle Loop,Gulibnep,27900,$9966.48
789,Effie,32,Mewle Loop,Ruhotwow,96295,$5664.96
790,Sophia,33,Tusda Junction,Opunejjad,22353,$7005.33
791,Gavin,23,Wujsaw Key,Azfeduki,25544,$9928.87
792,Lulu,65,Bohje Mill,Pouhomaf,90077,$9988.61
793,Ronnie,35,Kooh Way,Dowebwid,6705,$3484.81
794,Adeline,51,Fuega Road,Henbuvfi,23651,$5760.02
795,Eric,55,Ojediw Trail,Tusjitek,16118,$8223.77
796,Bessie,56,Kaime Terrace,Bisufano,35692,$1241.24
797,Lucas,49,Vanho Terrace,Palubi,88851,$7457.61
798,Matilda,21,Jubbed Grove,Vazusdiz,91061,$5626.32
799,Leo,25,Zatri Turnpike,Muajzog,1374,$3543.27
800,Philip,60,Gofiz Grove,Jeuvefod,49761,$1914.82
801,Georgia,57,Vozcer River,Usobojaf,7514,$5770.26
802,Mitchell,24,Iltek Heights,Libboras,56780,$2198.54
803,Maurice,32,Hedza Highway,Ijucuzzet,37098,$2544.89
804,Rosetta,31,Recge Square,Ommurfo,29367,$7551.66
805,Inez,49,Tehni Grove,Givehi,84008,$7282.68
806,Nettie,31,Sacna Manor,Kiluczoj,66672,$5408.44
807,Celia,53,Ilfeb View,Nonufsin,99826,$343.42
808,Kevin,30,Kiiri Road,Coseravu,57997,$2982.77
809,Lucile,21,Titzic Pass,Dogimec,28644,$4111.23
810,Polly,50,Ikta Street,Udkefbod,32413,$8998.44
811,Andrew,44,Fitwic Key,Inhahmis,59821,$2724.40
812,Mathilda,21,Bovoh Place,Icmilo,41518,$1850.85
813,Sean,64,Widle Loop,Vaashoc,55447,$9156.10
814,Jason,52,Zikof Trail,Ezusues,33993,$5141.66
815,Elnora,24,Keciv Drive,Apomtag,68607,$1212.70
816,Tom,65,Fusobu Avenue,Nozcowwef,28948,$8983.91
817,Benjamin,24,Jesbiw Center,Mikofhol,53888,$8319.70
818,Carl,35,Evido Point,Joitogi,46721,$2059.39
819,Jason,43,Tewa Heights,Cowicad,23329,$4545.25
820,Mitchell,30,Zenfof Pike,Zadcihze,88727,$7616.00
821,Lucille,36,Zuzaj Heights,Buupiko,67216,$5271.69
822,Ann,29,Hesab Trail,Saekareg,31466,$651.80
823,Olivia,20,Anon Glen,Bocwead,81240,$7236.99
824,Roxie,58,Dupmep Ridge,Butkiwi,44042,$8420.25
825,Ralph,49,Ruhi Path,Havujup,3259,$2788.41
826,Frank,65,Lukta Loop,Inwuewe,14417,$159.56
827,Elnora,31,Jotleg Boulevard,Babeom,47183,$1453.17
828,Tom,60,Ogutip Drive,Tovobali,76798,$7581.03
829,Lola,50,Baub Path,Dubegul,2683,$854.76
830,Jay,30,Luud Trail,Kegtusu,21538,$7688.70
831,Christina,42,Bobim Drive,Osekigir,2635,$7036.08
832,Jeanette,50,Gevhop Terrace,Mopanodu,59795,$1513.97
833,Nellie,44,Fafe Court,Vefuveg,25474,$1040.52
834,Viola,41,Raves Way,Wiabebik,19329,$971.55
835,Helena,58,Erneb Extension,Biwibufu,50365,$9129.01
836,Maurice,37,Jokil Ridge,Sofceju,27614,$5856.09
837,Susan,26,Tili Point,Zelzikgo,22266,$9869.99
838,Arthur,24,Rudloc Pass,Bejborhir,39705,$9842.81
839,Bill,36,Fuji Key,Zaapafo,25839,$8883.93
840,Jeffery,25,Namiz Glen,Godcovcuw,8850,$7656.85
841,Alfred,20,Urwa Pass,Weccijima,13343,$4764.52
842,Ricardo,21,Hefoh Pike,Nogaera,51891,$9978.02
843,Janie,52,Race Center,Akopuvo,2868,$4912.59
844,Timothy,55,Nees Terrace,Nolulko,87650,$3772.65
845,Corey,63,Naav Extension,Agaezwe,10604,$8098.04
846,Connor,32,Vuscel Heights,Fetitu,90666,$9933.12
847,Hunter,53,Pueg Drive,Romawe,39101,$2723.37
848,Dorothy,22,Binaw Drive,Ufgubit,99079,$889.94
849,Esther,47,Zoldo Boulevard,Vadniprid,35993,$1796.67
850,Maud,24,Zejka Junction,Ujjevdes,29703,$8989.54
851,Willie,32,Wozte Ridge,Niniwim,29725,$9486.08
852,Agnes,27,Napfam Pass,Ubuuwwe,91834,$4633.54
853,Cecilia,20,Mocal Junction,Sammidkih,19260,$7218.29
854,Curtis,23,Wosto Parkway,Delogez,90802,$7507.72
855,Nina,32,Havab Pass,Fummimlo,78126,$9702.95
856,Cynthia,47,Rata Junction,Dumofo,15976,$1715.81
857,Olivia,45,Fifid Way,Babawuw,70840,$7450.66
858,Nellie,30,Zebwi Court,Kermice,13855,$6462.28
859,Sophie,62,Aviovo Circle,Tabijbe,33054,$5017.90
860,Aiden,30,Ruak Street,Depomofi,86675,$1324.69
861,Garrett,30,Riwnul Ridge,Mawukak,80972,$4780.04
862,Jeffrey,45,Efelug Grove,Vorravlal,75008,$6170.72
863,Logan,65,Vipjo Circle,Togisa,23591,$7073.04
864,Andre,18,Juha Terrace,Hivehow,66901,$3730.91
865,Claudia,29,Damed Point,Devjemul,10426,$8907.44
866,Victor,28,Cewul Boulevard,Meglahfis,51014,$1941.79
867,Richard,28,Wantos Circle,Kowrefme,98188,$6799.06
868,Mason,36,Diewi Circle,Adeviosa,18761,$87.59
869,Cameron,61,Give Park,Ivuduvu,40697,$9081.61
870,Gary,21,Ludzuz Extension,Vahzered,82576,$8445.92
871,Kyle,64,Poli Circle,Kobevba,54576,$8112.25
872,Sophia,23,Riman Glen,Lovucor,63595,$2563.49
873,Juan,22,Tioli Circle,Batihamop,78946,$1270.95
874,Mae,44,Zauk Path,Eclawe,92998,$55.17
875,Mason,53,Ahova Terrace,Zenonsil,90584,$7057.25
876,Rose,31,Eklus Terrace,Huaftu,11936,$6775.30
877,Millie,31,Colo Plaza,Nibaluc,80031,$1111.83
878,Michael,35,Afeci River,Gecuak,76791,$4907.35
879,Manuel,57,Mafmow Circle,Vejoztu,28483,$5702.65
880,Ivan,50,Poztem Heights,Degutwoh,93703,$5525.35
881,Cora,47,Zelaf Junction,Mumezciz,75617,$4999.97
882,Logan,24,Lico Road,Hezuno,60535,$5184.05
883,Ola,40,Ofral Way,Likgodib,54678,$9819.65
884,Beatrice,59,Laom Path,Vihwafad,62016,$1722.49
885,Rosie,57,Ilwub Plaza,Ufoogba,29447,$1661.34
886,Roy,20,Cival Street,Powidev,56936,$9836.78
887,Christina,37,Jitafi Circle,Ferdirli,39826,$407.50
888,Lois,22,Afigo Junction,Pevicdu,30785,$7532.35
889,Harvey,19,Zufti Drive,Fepize,96556,$2556.02
890,Jane,32,Uvge Lane,Sogikke,83927,$2182.02
891,Eula,55,Nurto Pass,Lahgupa,38699,$2027.38
892,Gussie,23,Fazaf Loop,Siumkiz,2126,$9494.97
893,Tony,50,Mame Heights,Baleuce,48664,$6452.25
894,Bobby,49,Ickif View,Carulnuj,81745,$9293.06
895,Devin,62,Ralig Heights,Jaskadra,70571,$9770.66
896,Pearl,23,Ufan Turnpike,Piceome,11468,$3676.20
897,Luke,41,Isjim View,Hemeep,11693,$9900.63
898,Iva,48,Overi Grove,Polenubil,34670,$6218.37
899,Bruce,27,Duvbuz Lane,Zidvolif,24898,$9232.13
900,Elsie,54,Epru Road,Ubwobzog,85844,$4622.09
901,Derek,57,Peca Parkway,Tivfuwna,12861,$6502.91
902,Betty,41,Omizu View,Vidludu,36444,$8094.04
903,Logan,21,Aljuw Avenue,Houkleb,17319,$3278.34
904,Marc,33,Jawzu Place,Usefeev,70901,$4773.61
905,Lucinda,43,Iviuz Ridge,Ugjihi,93012,$1662.90
906,Dale,43,Barak Trail,Liigape,73275,$8889.50
907,Sylvia,41,Nubdu Highway,Sukepu,39393,$6438.12
908,Lora,52,Duvir River,Cuneih,23346,$3822.76
909,Dollie,29,Fekre Park,Dafudu,44997,$6384.09
910,Marc,64,Fazfu Way,Gujrifuh,54949,$9176.06
911,Rosalie,43,Egoac Manor,Nutiwik,54719,$6694.96
912,Bernard,21,Vusuw Heights,Jeweoni,52160,$9326.12
913,Mollie,41,Pegis Park,Vazcomhut,67402,$6144.97
914,Marian,53,Vese Path,Kowarfaj,32151,$6782.60
915,Derek,34,Omcaf Square,Zowcaop,31228,$4923.34
916,Clara,60,Imgo Point,Ufwunhar,85081,$1666.20
917,Amy,44,Izas Square,Ofakovfe,38113,$9283.96
918,Nell,44,Nonzuf Drive,Jaitla,46560,$8834.61
919,Noah,37,Mepnaw Drive,Jualoda,60015,$7400.75
920,Alfred,57,Kukfud Loop,Kirvearu,59032,$9478.24
921,Gregory,46,Womo Loop,Zukbuled,76668,$8997.68
922,William,48,Suvo Lane,Pewawni,78838,$7058.91
923,Julia,53,Gadki Center,Nutrekut,67823,$4952.88
924,Douglas,58,Pefzit Place,Jotewur,78561,$4186.85
925,Gilbert,54,Vivil Park,Onuwodvus,23087,$1490.98
926,Bobby,41,Lakbid Pass,Vojgufus,611,$3068.61
927,Leonard,25,Ufcur Pass,Eliwazi,34954,$9545.73
928,Stanley,31,Buhed Way,Natziwco,46589,$5977.36
929,Zachary,56,Sihnu Lane,Tuwbostij,59203,$3455.85
930,Tony,61,Fovot Extension,Takvakup,65042,$6405.84
931,Franklin,59,Bavar Grove,Tuobuag,94797,$2885.00
932,Danny,37,Hiruho Street,Paznaja,90554,$7692.64
933,Bernice,59,Jisnu Mill,Tuofcef,48841,$3813.41
934,Hulda,65,Tibav Terrace,Todadmo,31453,$287.04
935,Sylvia,54,Luwbo Place,Ineopwu,1773,$90.00
936,Devin,40,Opbo Boulevard,Womwigenu,11252,$8467.32
937,Dustin,53,Wufne Place,Owzungu,61545,$651.99
938,Dale,52,Utonoc Road,Wojoto,86037,$5544.95
939,Albert,43,Owomo Key,Kicinat,41592,$5496.56
940,Hattie,44,Ukli Mill,Ozikozas,5721,$1103.39
941,Mildred,64,Cuhgu Ridge,Doklola,69879,$3766.72
942,Inez,63,Veset Trail,Pusvikuk,38334,$4067.00
943,Polly,43,Gefa Avenue,Hibdobat,18183,$8149.70
944,Linnie,40,Hakde Mill,Ovufuptuc,4422,$6547.30
945,Roxie,45,Tawane Heights,Ihufohtum,73584,$1634.98
946,Della,35,Tavfal Manor,Vaceczut,40902,$3066.12
947,Matthew,61,Fubhoc Lane,Eleobezuv,75958,$2569.15
948,Hilda,51,Piere Key,Zujjuhegi,84077,$9758.05
949,Eula,41,Juke Road,Vejmetaj,3219,$7969.98
950,Shawn,44,Cofebe Boulevard,Imneko,44586,$6062.76
951,Roy,57,Uzrig Junction,Pognolve,92606,$2130.45
952,Michael,53,Vinu Park,Duhante,16580,$1979.45
953,Esther,64,Lapiro Loop,Awufeem,34794,$7661.60
954,Frances,55,Viba Circle,Zammoec,82328,$7730.06
955,Jesus,41,Wujru Junction,Jovebavij,61193,$1707.89
956,Jessie,49,Haise Path,Reijzi,51216,$7726.59
957,Jean,48,Iwhe Junction,Zicavup,83441,$9889.33
958,Louisa,25,Jutlog Way,Ecakeijo,3475,$1048.90
959,Luke,24,Giumu Place,Kopcalu,63685,$5928.21
960,Ethan,28,Rinlu Center,Wifsadepi,1714,$7113.82
961,Florence,38,Wuvri River,Udpadpel,90571,$7517.29
962,Logan,42,Citnu Ridge,Kitagsad,37363,$2282.14
963,Carlos,20,Jeole River,Tefubna,38943,$5728.74
964,Carolyn,31,Kipmu Mill,Doufce,78186,$1840.66
965,Tom,29,Viskac Lane,Losaere,88701,$3521.19
966,Kevin,49,Soevo Pike,Pojonowav,82250,$9421.80
967,Rosie,61,Lerlel Mill,Bimimez,6622,$3438.34
968,Derrick,45,Gucpob Ridge,Pamkufum,82526,$4943.30
969,Elva,34,Nifa Manor,Ruwnudgat,2633,$4548.15
970,Eddie,49,Zofmov Street,Ciazuzes,27566,$9445.65
971,Aaron,57,Okoaco Drive,Ezojitle,83319,$6429.00
972,Nellie,29,Gogi View,Nebeec,40211,$901.07
973,Brent,45,Orige Grove,Tilejo,73241,$139.76
974,Christina,21,Aweam Boulevard,Hovwecvaw,14716,$7749.97
975,Katie,49,Wiput Key,Imheon,80726,$4268.42
976,Manuel,60,Ikaan Way,Wajugumi,28040,$6711.83
977,Johanna,37,Rasu Highway,Geboaf,73822,$4318.24
978,Craig,49,Inpu Glen,Fegogov,63226,$569.55
979,Elnora,40,Nafi Mill,Votvescef,69575,$7862.91
980,Mabel,53,Koso Manor,Haapjuv,23968,$784.51
981,Gussie,29,Onju Trail,Pipofnif,51537,$3249.08
982,Sean,51,Juski Turnpike,Ulabikive,30145,$9792.99
983,Viola,21,Nole Street,Gojogoti,31040,$4839.37
984,Jackson,22,Tezo Grove,Sengovoz,46872,$1345.87
985,Cordelia,30,Assul Manor,Bicomwi,47139,$3512.22
986,Lizzie,26,Sagom Pass,Zariho,87539,$1646.07
987,Jerry,18,Icokek Heights,Ogvocvi,9530,$1711.92
988,Ellen,52,Nuwnu Pike,Mawuvih,41491,$2180.17
989,Ricky,39,Eftan Plaza,Liwodop,94590,$1385.76
990,Christine,20,Halsa Terrace,Jikzovlid,19776,$3270.49
991,Evelyn,56,Sukal Lane,Mipowig,24123,$9433.62
992,Emily,21,Hepzo Trail,Hiciri,4514,$7589.97
993,Cole,52,Korhi River,Zabhacal,20305,$5119.36
994,Paul,28,Etdid Place,Vimbehvu,97066,$4624.45
995,Jeffery,54,Degom Pike,Obufozta,68204,$8590.48
996,Rhoda,41,Hucaj Grove,Odecguh,6328,$4806.55
997,Anne,52,Havkew Mill,Samukic,3029,$3321.49
998,Carl,42,Foezo View,Vovooh,84812,$7681.76
999,Mayme,21,Pisar Manor,Zavizkem,39610,$5179.33
1000,John,52,Biwwow Loop,Fukrivhe,68039,$2362.82
